"","community","species_removed","total_harvest"
"1","Chenega",1,305.279961143732
"2","Chenega",2,260.975830343732
"3","Chenega",3,224.408385843732
"4","Chenega",4,188.071586793732
"5","Chenega",5,160.424971793732
"6","Chenega",6,140.397688393732
"7","Chenega",7,121.262603193732
"8","Chenega",8,104.523862584132
"9","Chenega",9,89.6485634441318
"10","Chenega",10,78.6763412219095
"11","Chenega",11,70.8503432219096
"12","Chenega",12,63.6928861868096
"13","Chenega",13,57.2914417398095
"14","Chenega",14,52.4686022275873
"15","Chenega",15,48.1686022275873
"16","Chenega",16,43.9385493075873
"17","Chenega",17,40.0625499675873
"18","Chenega",18,36.2382168975873
"19","Chenega",19,33.1886614875873
"20","Chenega",20,30.2006614875873
"21","Chenega",21,27.5254763986984
"22","Chenega",22,25.5454763986984
"23","Chenega",23,23.6421433386984
"24","Chenega",24,21.9977004603651
"25","Chenega",25,20.4884413270317
"26","Chenega",26,19.0513579945317
"27","Chenega",27,17.6406913945317
"28","Chenega",28,16.2894856347317
"29","Chenega",29,14.9469861347317
"30","Chenega",30,13.6319861347318
"31","Chenega",31,12.4256528235318
"32","Chenega",32,11.3535417035318
"33","Chenega",33,10.3668750535317
"34","Chenega",34,9.39687505353175
"35","Chenega",35,8.54215138686508
"36","Chenega",36,7.75215138686508
"37","Chenega",37,7.10464524097619
"38","Chenega",38,6.45736129430952
"39","Chenega",39,5.83736129430952
"40","Chenega",40,5.26402796097619
"41","Chenega",41,4.69896622319841
"42","Chenega",42,4.22952177319841
"43","Chenega",43,3.79285510569841
"44","Chenega",44,3.38095059998413
"45","Chenega",45,2.98539503998413
"46","Chenega",46,2.65872837331746
"47","Chenega",47,2.35954322365079
"48","Chenega",48,2.08811465222222
"49","Chenega",49,1.82978131888889
"50","Chenega",50,1.59178131888889
"51","Chenega",51,1.37178131888889
"52","Chenega",52,1.15539243138889
"53","Chenega",53,0.963170209166667
"54","Chenega",54,0.7865035425
"55","Chenega",55,0.6457035705
"56","Chenega",56,0.5057035705
"57","Chenega",57,0.4019999305
"58","Chenega",58,0.3300000005
"59","Chenega",59,0.2600000005
"60","Chenega",60,0.1900000005
"61","Chenega",61,0.131666668
"62","Chenega",62,0.081666668
"63","Chenega",63,0.059444445
"64","Chenega",64,0.039444445
"65","Chenega",65,0.024444445
"66","Chenega",66,0.013333334
"67","Chenega",67,0.005
"68","Chenega",68,0
"69","Cooper Landing",1,68.73
"70","Cooper Landing",2,50
"71","Cooper Landing",3,38.21
"72","Cooper Landing",4,31.24
"73","Cooper Landing",5,27.37
"74","Cooper Landing",6,23.75
"75","Cooper Landing",7,20.15
"76","Cooper Landing",8,16.64
"77","Cooper Landing",9,13.81
"78","Cooper Landing",10,11.75
"79","Cooper Landing",11,9.77
"80","Cooper Landing",12,7.87
"81","Cooper Landing",13,6.82
"82","Cooper Landing",14,5.95
"83","Cooper Landing",15,5.15
"84","Cooper Landing",16,4.42
"85","Cooper Landing",17,3.8
"86","Cooper Landing",18,3.19
"87","Cooper Landing",19,2.74
"88","Cooper Landing",20,2.29
"89","Cooper Landing",21,1.86
"90","Cooper Landing",22,1.59
"91","Cooper Landing",23,1.36
"92","Cooper Landing",24,1.14
"93","Cooper Landing",25,0.93
"94","Cooper Landing",26,0.78
"95","Cooper Landing",27,0.63
"96","Cooper Landing",28,0.52
"97","Cooper Landing",29,0.43
"98","Cooper Landing",30,0.34
"99","Cooper Landing",31,0.26
"100","Cooper Landing",32,0.19
"101","Cooper Landing",33,0.13
"102","Cooper Landing",34,0.08
"103","Cooper Landing",35,0.04
"104","Cooper Landing",36,0
"105","Cordova",1,141.864999053846
"106","Cordova",2,117.660629928846
"107","Cordova",3,94.5421990538464
"108","Cordova",4,76.3953343288464
"109","Cordova",5,59.5626484538464
"110","Cordova",6,42.8824819538464
"111","Cordova",7,37.0186798369714
"112","Cordova",8,31.9301942028464
"113","Cordova",9,27.8337055987214
"114","Cordova",10,24.9081746587214
"115","Cordova",11,23.3552087730071
"116","Cordova",12,21.9018553860071
"117","Cordova",13,20.4757607035071
"118","Cordova",14,19.2097772247571
"119","Cordova",15,17.9460154122571
"120","Cordova",16,16.7081099206071
"121","Cordova",17,15.6064270543571
"122","Cordova",18,14.5073637966696
"123","Cordova",19,13.4570169966696
"124","Cordova",20,12.4185811379196
"125","Cordova",21,11.4581578229196
"126","Cordova",22,10.5715716898571
"127","Cordova",23,9.69157168985715
"128","Cordova",24,8.90398226110715
"129","Cordova",25,8.16034831435715
"130","Cordova",26,7.54768112685715
"131","Cordova",27,7.05669549810715
"132","Cordova",28,6.57401961560714
"133","Cordova",29,6.13745188473964
"134","Cordova",30,5.74177595073964
"135","Cordova",31,5.35328237386464
"136","Cordova",32,4.97976983636464
"137","Cordova",33,4.61175912636464
"138","Cordova",34,4.25618952636464
"139","Cordova",35,3.90618952636464
"140","Cordova",36,3.55889522803131
"141","Cordova",37,3.24145738628131
"142","Cordova",38,2.93322053456702
"143","Cordova",39,2.62722053456702
"144","Cordova",40,2.33462162956702
"145","Cordova",41,2.12462162956702
"146","Cordova",42,1.93108617813845
"147","Cordova",43,1.73877867528131
"148","Cordova",44,1.56512946605631
"149","Cordova",45,1.40508823855631
"150","Cordova",46,1.25508823855631
"151","Cordova",47,1.10557420955631
"152","Cordova",48,1.00058684555631
"153","Cordova",49,0.897253512222976
"154","Cordova",50,0.795000052222976
"155","Cordova",51,0.696177087937262
"156","Cordova",52,0.598177087937262
"157","Cordova",53,0.505828306687262
"158","Cordova",54,0.425828306687262
"159","Cordova",55,0.363873840312262
"160","Cordova",56,0.323873840312262
"161","Cordova",57,0.284472538562262
"162","Cordova",58,0.245846997276548
"163","Cordova",59,0.212412121464048
"164","Cordova",60,0.181112430749762
"165","Cordova",61,0.151125669464048
"166","Cordova",62,0.128585986797381
"167","Cordova",63,0.109804952377381
"168","Cordova",64,0.0926620952345238
"169","Cordova",65,0.0776620952345238
"170","Cordova",66,0.0630162092345238
"171","Cordova",67,0.0496828759011905
"172","Cordova",68,0.0374814976511905
"173","Cordova",69,0.0257034389845238
"174","Cordova",70,0.0185605818416667
"175","Cordova",71,0.0135605818416667
"176","Cordova",72,0.008606917175
"177","Cordova",73,0.00461309524166667
"178","Cordova",74,0.00211309524166667
"179","Cordova",75,0.000446428575
"180","Cordova",76,0
"181","Hope",1,91.79
"182","Hope",2,73.1
"183","Hope",3,62.16
"184","Hope",4,52.63
"185","Hope",5,44.66
"186","Hope",6,37.72
"187","Hope",7,32.61
"188","Hope",8,27.75
"189","Hope",9,23.77
"190","Hope",10,19.82
"191","Hope",11,16.91
"192","Hope",12,14.4
"193","Hope",13,12.3
"194","Hope",14,10.29
"195","Hope",15,8.56
"196","Hope",16,7.33
"197","Hope",17,6.53
"198","Hope",18,5.88
"199","Hope",19,5.23
"200","Hope",20,4.61
"201","Hope",21,4
"202","Hope",22,3.39
"203","Hope",23,2.84
"204","Hope",24,2.35
"205","Hope",25,1.91
"206","Hope",26,1.48
"207","Hope",27,1.18
"208","Hope",28,0.93
"209","Hope",29,0.73
"210","Hope",30,0.58
"211","Hope",31,0.48
"212","Hope",32,0.4
"213","Hope",33,0.32
"214","Hope",34,0.25
"215","Hope",35,0.18
"216","Hope",36,0.12
"217","Hope",37,0.06
"218","Hope",38,0.03
"219","Hope",39,0.02
"220","Hope",40,0.01
"221","Hope",41,0
"222","Moose Pass",1,70.7
"223","Moose Pass",2,57.2
"224","Moose Pass",3,43.7
"225","Moose Pass",4,32.1
"226","Moose Pass",5,26.3
"227","Moose Pass",6,21.7
"228","Moose Pass",7,18.3
"229","Moose Pass",8,14.9
"230","Moose Pass",9,11.8
"231","Moose Pass",10,10.2
"232","Moose Pass",11,8.9
"233","Moose Pass",12,7.6
"234","Moose Pass",13,6.4
"235","Moose Pass",14,5.3
"236","Moose Pass",15,4.3
"237","Moose Pass",16,3.4
"238","Moose Pass",17,2.5
"239","Moose Pass",18,2
"240","Moose Pass",19,1.6
"241","Moose Pass",20,1.2
"242","Moose Pass",21,0.8
"243","Moose Pass",22,0.6
"244","Moose Pass",23,0.4
"245","Moose Pass",24,0.3
"246","Moose Pass",25,0.2
"247","Moose Pass",26,0.1
"248","Moose Pass",27,0
"249","Nanwalek",1,221.48283180498
"250","Nanwalek",2,178.653323360536
"251","Nanwalek",3,141.796714027203
"252","Nanwalek",4,113.475418471647
"253","Nanwalek",5,94.3669522494248
"254","Nanwalek",6,85.2133274938693
"255","Nanwalek",7,76.3860918827581
"256","Nanwalek",8,68.7122055560915
"257","Nanwalek",9,61.4458060060915
"258","Nanwalek",10,54.8862582178692
"259","Nanwalek",11,48.4636722688692
"260","Nanwalek",12,42.4090498244248
"261","Nanwalek",13,36.8190498244248
"262","Nanwalek",14,31.7066981022025
"263","Nanwalek",15,27.4822536577581
"264","Nanwalek",16,24.8243470210914
"265","Nanwalek",17,22.4552222383137
"266","Nanwalek",18,20.0994051017025
"267","Nanwalek",19,17.8091260779248
"268","Nanwalek",20,15.6456731641748
"269","Nanwalek",21,13.4921006975081
"270","Nanwalek",22,11.8697190465859
"271","Nanwalek",23,10.3453364407192
"272","Nanwalek",24,9.21439477405254
"273","Nanwalek",25,8.16439477405253
"274","Nanwalek",26,7.39376977405254
"275","Nanwalek",27,6.67355116467754
"276","Nanwalek",28,6.01509616467754
"277","Nanwalek",29,5.43638540267754
"278","Nanwalek",30,4.93491118767754
"279","Nanwalek",31,4.46691118767754
"280","Nanwalek",32,4.00327142989976
"281","Nanwalek",33,3.54516314545532
"282","Nanwalek",34,3.17955777878865
"283","Nanwalek",35,2.83455777878865
"284","Nanwalek",36,2.53330777878865
"285","Nanwalek",37,2.24497444545532
"286","Nanwalek",38,1.96372880523309
"287","Nanwalek",39,1.6837288052331
"288","Nanwalek",40,1.45951357189976
"289","Nanwalek",41,1.29951357189976
"290","Nanwalek",42,1.14576357189976
"291","Nanwalek",43,1.00794593389976
"292","Nanwalek",44,0.876541350233095
"293","Nanwalek",45,0.761675885233095
"294","Nanwalek",46,0.654052575233095
"295","Nanwalek",47,0.570945593090238
"296","Nanwalek",48,0.495056207423571
"297","Nanwalek",49,0.425056207423571
"298","Nanwalek",50,0.360056207423571
"299","Nanwalek",51,0.297770493137857
"300","Nanwalek",52,0.243958839137857
"301","Nanwalek",53,0.190232649137857
"302","Nanwalek",54,0.150232649137857
"303","Nanwalek",55,0.111804194192857
"304","Nanwalek",56,0.07649423305
"305","Nanwalek",57,0.05649423305
"306","Nanwalek",58,0.04304131955
"307","Nanwalek",59,0.03294843045
"308","Nanwalek",60,0.02294843045
"309","Nanwalek",61,0.01294843045
"310","Nanwalek",62,0.00294843045
"311","Nanwalek",63,0.00044843045
"312","Nanwalek",64,0
"313","Port Graham",1,202.126834341661
"314","Port Graham",2,170.433558008328
"315","Port Graham",3,141.510748341661
"316","Port Graham",4,119.510867563883
"317","Port Graham",5,98.6645073416611
"318","Port Graham",6,81.9488834527722
"319","Port Graham",7,68.60759823055
"320","Port Graham",8,59.6207179749944
"321","Port Graham",9,51.4881724175944
"322","Port Graham",10,45.5106241064833
"323","Port Graham",11,39.7941199620389
"324","Port Graham",12,34.9594434309278
"325","Port Graham",13,30.2019353525944
"326","Port Graham",14,26.4025786970389
"327","Port Graham",15,22.9490192970389
"328","Port Graham",16,19.5315538444833
"329","Port Graham",17,17.2341608444833
"330","Port Graham",18,15.11810041115
"331","Port Graham",19,13.85010041115
"332","Port Graham",20,12.5982101662389
"333","Port Graham",21,11.4232101662389
"334","Port Graham",22,10.3332101662389
"335","Port Graham",23,9.35338768498888
"336","Port Graham",24,8.38833456276666
"337","Port Graham",25,7.47037698498888
"338","Port Graham",26,6.63625562784603
"339","Port Graham",27,5.85097103162103
"340","Port Graham",28,5.17060862447818
"341","Port Graham",29,4.60619016691151
"342","Port Graham",30,4.19782732941151
"343","Port Graham",31,3.81552644941151
"344","Port Graham",32,3.4547082183004
"345","Port Graham",33,3.10746544115754
"346","Port Graham",34,2.76620701615754
"347","Port Graham",35,2.44620701615754
"348","Port Graham",36,2.21681542365754
"349","Port Graham",37,2.02178381865754
"350","Port Graham",38,1.82991886010198
"351","Port Graham",39,1.66769663787976
"352","Port Graham",40,1.51769663787976
"353","Port Graham",41,1.37608733232421
"354","Port Graham",42,1.23449441232421
"355","Port Graham",43,1.10175105232421
"356","Port Graham",44,0.975136007949206
"357","Port Graham",45,0.856564579377778
"358","Port Graham",46,0.746564579377778
"359","Port Graham",47,0.650015906044445
"360","Port Graham",48,0.559645068266667
"361","Port Graham",49,0.479645068266667
"362","Port Graham",50,0.412246838266667
"363","Port Graham",51,0.347246838266667
"364","Port Graham",52,0.290609670266667
"365","Port Graham",53,0.235609670266667
"366","Port Graham",54,0.190252530266667
"367","Port Graham",55,0.150252530266667
"368","Port Graham",56,0.111681101933333
"369","Port Graham",57,0.0816811019333333
"370","Port Graham",58,0.0546562389833333
"371","Port Graham",59,0.0373465045833333
"372","Port Graham",60,0.0216171505833333
"373","Port Graham",61,0.0120933415833333
"374","Port Graham",62,0.00488095225
"375","Port Graham",63,0
"376","Port San Juan (Evans Island)",1,175.83
"377","Port San Juan (Evans Island)",2,137.72
"378","Port San Juan (Evans Island)",3,112.6
"379","Port San Juan (Evans Island)",4,91.42
"380","Port San Juan (Evans Island)",5,72.3
"381","Port San Juan (Evans Island)",6,54.18
"382","Port San Juan (Evans Island)",7,40.53
"383","Port San Juan (Evans Island)",8,30
"384","Port San Juan (Evans Island)",9,24.18
"385","Port San Juan (Evans Island)",10,18.36
"386","Port San Juan (Evans Island)",11,13.89
"387","Port San Juan (Evans Island)",12,10.01
"388","Port San Juan (Evans Island)",13,6.54
"389","Port San Juan (Evans Island)",14,3.77
"390","Port San Juan (Evans Island)",15,2.12
"391","Port San Juan (Evans Island)",16,1.3
"392","Port San Juan (Evans Island)",17,0.71
"393","Port San Juan (Evans Island)",18,0.18
"394","Port San Juan (Evans Island)",19,0.06
"395","Port San Juan (Evans Island)",20,0
"396","Seward",1,75.6
"397","Seward",2,58.5
"398","Seward",3,45.8
"399","Seward",4,34.2
"400","Seward",5,27.7
"401","Seward",6,22.6
"402","Seward",7,18.7
"403","Seward",8,15.4
"404","Seward",9,12.7
"405","Seward",10,11.1
"406","Seward",11,9.7
"407","Seward",12,8.4
"408","Seward",13,7.4
"409","Seward",14,6.5
"410","Seward",15,5.6
"411","Seward",16,4.8
"412","Seward",17,4
"413","Seward",18,3.3
"414","Seward",19,2.7
"415","Seward",20,2.2
"416","Seward",21,1.9
"417","Seward",22,1.6
"418","Seward",23,1.3
"419","Seward",24,1
"420","Seward",25,0.8
"421","Seward",26,0.7
"422","Seward",27,0.6
"423","Seward",28,0.5
"424","Seward",29,0.4
"425","Seward",30,0.3
"426","Seward",31,0.2
"427","Seward",32,0.1
"428","Seward",33,0
"429","Tatitlek",1,279.495282518407
"430","Tatitlek",2,222.829645518407
"431","Tatitlek",3,179.966475629518
"432","Tatitlek",4,154.553540740629
"433","Tatitlek",5,134.041412073963
"434","Tatitlek",6,115.541644073963
"435","Tatitlek",7,100.115098496185
"436","Tatitlek",8,85.1078648961849
"437","Tatitlek",9,74.1507989856294
"438","Tatitlek",10,64.8542277967405
"439","Tatitlek",11,56.4788411411849
"440","Tatitlek",12,48.2062947771071
"441","Tatitlek",13,41.8901287771071
"442","Tatitlek",14,36.8181040437738
"443","Tatitlek",15,31.8783196971071
"444","Tatitlek",16,27.5716530304405
"445","Tatitlek",17,24.3373673161548
"446","Tatitlek",18,21.5798960417103
"447","Tatitlek",19,18.9371374450437
"448","Tatitlek",20,16.4371374450437
"449","Tatitlek",21,14.6517519188214
"450","Tatitlek",22,12.9288434299325
"451","Tatitlek",23,11.5488434299325
"452","Tatitlek",24,10.2288434299325
"453","Tatitlek",25,9.17722578493254
"454","Tatitlek",26,8.17891695993254
"455","Tatitlek",27,7.21411639659921
"456","Tatitlek",28,6.32661639659921
"457","Tatitlek",29,5.44652882534921
"458","Tatitlek",30,4.60798951090476
"459","Tatitlek",31,3.90799928040476
"460","Tatitlek",32,3.40485805183333
"461","Tatitlek",33,2.90485805183333
"462","Tatitlek",34,2.54485805183333
"463","Tatitlek",35,2.18623058516667
"464","Tatitlek",36,1.87879211373809
"465","Tatitlek",37,1.5937921137381
"466","Tatitlek",38,1.3837921137381
"467","Tatitlek",39,1.2029465262381
"468","Tatitlek",40,1.0264759262381
"469","Tatitlek",41,0.861475926238095
"470","Tatitlek",42,0.711475926238095
"471","Tatitlek",43,0.577475926238095
"472","Tatitlek",44,0.457475926238095
"473","Tatitlek",45,0.343475926238095
"474","Tatitlek",46,0.239311905238095
"475","Tatitlek",47,0.164745098666667
"476","Tatitlek",48,0.111803921666667
"477","Tatitlek",49,0.0784705883333333
"478","Tatitlek",50,0.0564705883333333
"479","Tatitlek",51,0.0364705883333333
"480","Tatitlek",52,0.02
"481","Tatitlek",53,0.01
"482","Tatitlek",54,0
"483","Valdez",1,74.2233333333333
"484","Valdez",2,57.7066666666667
"485","Valdez",3,45.0933333333333
"486","Valdez",4,36.96
"487","Valdez",5,32.15
"488","Valdez",6,27.49
"489","Valdez",7,23.8133333333334
"490","Valdez",8,21.3233333333334
"491","Valdez",9,19.0533333333333
"492","Valdez",10,17.0633333333333
"493","Valdez",11,15.2633333333333
"494","Valdez",12,13.5
"495","Valdez",13,11.87
"496","Valdez",14,10.3166666666667
"497","Valdez",15,9.4
"498","Valdez",16,8.49666666666667
"499","Valdez",17,7.67
"500","Valdez",18,6.87666666666667
"501","Valdez",19,6.14666666666667
"502","Valdez",20,5.52
"503","Valdez",21,4.95
"504","Valdez",22,4.39333333333333
"505","Valdez",23,3.89666666666667
"506","Valdez",24,3.48666666666667
"507","Valdez",25,3.19166666666667
"508","Valdez",26,2.89833333333333
"509","Valdez",27,2.605
"510","Valdez",28,2.345
"511","Valdez",29,2.12166666666667
"512","Valdez",30,1.92666666666667
"513","Valdez",31,1.73666666666667
"514","Valdez",32,1.56666666666667
"515","Valdez",33,1.40666666666667
"516","Valdez",34,1.25666666666667
"517","Valdez",35,1.11
"518","Valdez",36,0.97
"519","Valdez",37,0.845
"520","Valdez",38,0.735
"521","Valdez",39,0.635
"522","Valdez",40,0.535
"523","Valdez",41,0.435
"524","Valdez",42,0.341666666666667
"525","Valdez",43,0.268333333333333
"526","Valdez",44,0.203333333333333
"527","Valdez",45,0.146666666666667
"528","Valdez",46,0.0933333333333333
"529","Valdez",47,0.0433333333333333
"530","Valdez",48,0.0233333333333333
"531","Valdez",49,0.00833333333333333
"532","Valdez",50,0.00333333333333333
"533","Valdez",51,0
"534","Whittier",1,54.65
"535","Whittier",2,46.62
"536","Whittier",3,40.35
"537","Whittier",4,35.55
"538","Whittier",5,31.35
"539","Whittier",6,27.32
"540","Whittier",7,23.35
"541","Whittier",8,19.79
"542","Whittier",9,17
"543","Whittier",10,15.17
"544","Whittier",11,13.49
"545","Whittier",12,11.95
"546","Whittier",13,10.69
"547","Whittier",14,9.53
"548","Whittier",15,8.42
"549","Whittier",16,7.44
"550","Whittier",17,6.49
"551","Whittier",18,5.58
"552","Whittier",19,4.76
"553","Whittier",20,4.06
"554","Whittier",21,3.56
"555","Whittier",22,3.08
"556","Whittier",23,2.63
"557","Whittier",24,2.24
"558","Whittier",25,1.87
"559","Whittier",26,1.62
"560","Whittier",27,1.42
"561","Whittier",28,1.25
"562","Whittier",29,1.09
"563","Whittier",30,0.94
"564","Whittier",31,0.8
"565","Whittier",32,0.67
"566","Whittier",33,0.54
"567","Whittier",34,0.44
"568","Whittier",35,0.35
"569","Whittier",36,0.28
"570","Whittier",37,0.21
"571","Whittier",38,0.17
"572","Whittier",39,0.13
"573","Whittier",40,0.09
"574","Whittier",41,0.06
"575","Whittier",42,0.04
"576","Whittier",43,0.02
"577","Whittier",44,0.01
"578","Whittier",45,0
"579","Angoon",1,160.545
"580","Angoon",2,129.915
"581","Angoon",3,109.3225
"582","Angoon",4,89.23
"583","Angoon",5,73.5225
"584","Angoon",6,58.64
"585","Angoon",7,51.7175
"586","Angoon",8,44.83
"587","Angoon",9,38.385
"588","Angoon",10,33.28
"589","Angoon",11,28.855
"590","Angoon",12,25.0525
"591","Angoon",13,21.2558333333333
"592","Angoon",14,17.7833333333333
"593","Angoon",15,15.1583333333333
"594","Angoon",16,12.6733333333333
"595","Angoon",17,10.6333333333333
"596","Angoon",18,8.86083333333333
"597","Angoon",19,7.14333333333333
"598","Angoon",20,6.11
"599","Angoon",21,5.0875
"600","Angoon",22,4.075
"601","Angoon",23,3.075
"602","Angoon",24,2.685
"603","Angoon",25,2.385
"604","Angoon",26,2.095
"605","Angoon",27,1.81166666666667
"606","Angoon",28,1.60416666666667
"607","Angoon",29,1.40166666666667
"608","Angoon",30,1.21166666666667
"609","Angoon",31,1.02166666666667
"610","Angoon",32,0.831666666666667
"611","Angoon",33,0.705
"612","Angoon",34,0.585
"613","Angoon",35,0.485
"614","Angoon",36,0.385
"615","Angoon",37,0.295
"616","Angoon",38,0.235
"617","Angoon",39,0.175
"618","Angoon",40,0.125
"619","Angoon",41,0.075
"620","Angoon",42,0.045
"621","Angoon",43,0.025
"622","Angoon",44,0.01
"623","Angoon",45,0
"624","Beecher Pass",1,401.9
"625","Beecher Pass",2,328.05
"626","Beecher Pass",3,271.78
"627","Beecher Pass",4,221.17
"628","Beecher Pass",5,180.94
"629","Beecher Pass",6,148.65
"630","Beecher Pass",7,117.88
"631","Beecher Pass",8,102.25
"632","Beecher Pass",9,87.7
"633","Beecher Pass",10,75.46
"634","Beecher Pass",11,63.6
"635","Beecher Pass",12,53.28
"636","Beecher Pass",13,44.34
"637","Beecher Pass",14,37.8
"638","Beecher Pass",15,31.65
"639","Beecher Pass",16,25.5
"640","Beecher Pass",17,19.53
"641","Beecher Pass",18,14.76
"642","Beecher Pass",19,10.3
"643","Beecher Pass",20,6.36
"644","Beecher Pass",21,3.92
"645","Beecher Pass",22,2.65
"646","Beecher Pass",23,1.47
"647","Beecher Pass",24,0.77
"648","Beecher Pass",25,0.39
"649","Beecher Pass",26,0.07
"650","Beecher Pass",27,0
"651","Coffman Cove",1,183.845
"652","Coffman Cove",2,144.565
"653","Coffman Cove",3,123.215
"654","Coffman Cove",4,102.8
"655","Coffman Cove",5,89.905
"656","Coffman Cove",6,78.87
"657","Coffman Cove",7,68.29
"658","Coffman Cove",8,58.96
"659","Coffman Cove",9,50.705
"660","Coffman Cove",10,44.69
"661","Coffman Cove",11,39.4
"662","Coffman Cove",12,34.34
"663","Coffman Cove",13,30.02
"664","Coffman Cove",14,26.61
"665","Coffman Cove",15,23.71
"666","Coffman Cove",16,20.895
"667","Coffman Cove",17,18.855
"668","Coffman Cove",18,17.005
"669","Coffman Cove",19,15.245
"670","Coffman Cove",20,13.625
"671","Coffman Cove",21,12.045
"672","Coffman Cove",22,10.59
"673","Coffman Cove",23,9.3
"674","Coffman Cove",24,8.13
"675","Coffman Cove",25,7.015
"676","Coffman Cove",26,5.97
"677","Coffman Cove",27,4.935
"678","Coffman Cove",28,4.085
"679","Coffman Cove",29,3.305
"680","Coffman Cove",30,2.89
"681","Coffman Cove",31,2.485
"682","Coffman Cove",32,2.12
"683","Coffman Cove",33,1.77
"684","Coffman Cove",34,1.455
"685","Coffman Cove",35,1.255
"686","Coffman Cove",36,1.075
"687","Coffman Cove",37,0.895
"688","Coffman Cove",38,0.765
"689","Coffman Cove",39,0.665
"690","Coffman Cove",40,0.565
"691","Coffman Cove",41,0.475
"692","Coffman Cove",42,0.385
"693","Coffman Cove",43,0.31
"694","Coffman Cove",44,0.24
"695","Coffman Cove",45,0.17
"696","Coffman Cove",46,0.11
"697","Coffman Cove",47,0.07
"698","Coffman Cove",48,0.03
"699","Coffman Cove",49,0.01
"700","Coffman Cove",50,0
"701","Craig",1,172.59
"702","Craig",2,150.57
"703","Craig",3,131.94
"704","Craig",4,115.87
"705","Craig",5,100.38
"706","Craig",6,88.835
"707","Craig",7,79.275
"708","Craig",8,70.98
"709","Craig",9,63.19
"710","Craig",10,55.485
"711","Craig",11,48.19
"712","Craig",12,43.405
"713","Craig",13,39.285
"714","Craig",14,35.815
"715","Craig",15,32.635
"716","Craig",16,29.63
"717","Craig",17,26.815
"718","Craig",18,24.27
"719","Craig",19,21.755
"720","Craig",20,19.335
"721","Craig",21,17.03
"722","Craig",22,14.77
"723","Craig",23,12.77
"724","Craig",24,10.87
"725","Craig",25,9.54
"726","Craig",26,8.29
"727","Craig",27,7.255
"728","Craig",28,6.345
"729","Craig",29,5.565
"730","Craig",30,4.825
"731","Craig",31,4.09
"732","Craig",32,3.435
"733","Craig",33,2.785
"734","Craig",34,2.185
"735","Craig",35,1.79
"736","Craig",36,1.42
"737","Craig",37,1.19
"738","Craig",38,0.985
"739","Craig",39,0.81
"740","Craig",40,0.65
"741","Craig",41,0.56
"742","Craig",42,0.485
"743","Craig",43,0.415
"744","Craig",44,0.345
"745","Craig",45,0.28
"746","Craig",46,0.22
"747","Craig",47,0.185
"748","Craig",48,0.155
"749","Craig",49,0.125
"750","Craig",50,0.1
"751","Craig",51,0.08
"752","Craig",52,0.06
"753","Craig",53,0.04
"754","Craig",54,0.02
"755","Craig",55,0.01
"756","Craig",56,0
"757","Edna Bay",1,350.435
"758","Edna Bay",2,287.375
"759","Edna Bay",3,231.995
"760","Edna Bay",4,203.95
"761","Edna Bay",5,176.33
"762","Edna Bay",6,156.735
"763","Edna Bay",7,140.76
"764","Edna Bay",8,126.89
"765","Edna Bay",9,114.29
"766","Edna Bay",10,101.935
"767","Edna Bay",11,91.19
"768","Edna Bay",12,80.975
"769","Edna Bay",13,73.84
"770","Edna Bay",14,66.735
"771","Edna Bay",15,59.715
"772","Edna Bay",16,53.655
"773","Edna Bay",17,47.925
"774","Edna Bay",18,42.25
"775","Edna Bay",19,37.185
"776","Edna Bay",20,32.205
"777","Edna Bay",21,27.805
"778","Edna Bay",22,23.675
"779","Edna Bay",23,19.83
"780","Edna Bay",24,17.085
"781","Edna Bay",25,14.47
"782","Edna Bay",26,11.995
"783","Edna Bay",27,9.715
"784","Edna Bay",28,7.605
"785","Edna Bay",29,6.405
"786","Edna Bay",30,5.305
"787","Edna Bay",31,4.285
"788","Edna Bay",32,3.275
"789","Edna Bay",33,2.665
"790","Edna Bay",34,2.1
"791","Edna Bay",35,1.55
"792","Edna Bay",36,1.12
"793","Edna Bay",37,0.715
"794","Edna Bay",38,0.45
"795","Edna Bay",39,0.19
"796","Edna Bay",40,0.11
"797","Edna Bay",41,0.04
"798","Edna Bay",42,0
"799","Elfin Cove",1,190.25
"800","Elfin Cove",2,129.73
"801","Elfin Cove",3,98.71
"802","Elfin Cove",4,85.28
"803","Elfin Cove",5,73.64
"804","Elfin Cove",6,63.3
"805","Elfin Cove",7,53.94
"806","Elfin Cove",8,45.2
"807","Elfin Cove",9,36.98
"808","Elfin Cove",10,29.95
"809","Elfin Cove",11,23.38
"810","Elfin Cove",12,17.92
"811","Elfin Cove",13,15.08
"812","Elfin Cove",14,12.26
"813","Elfin Cove",15,9.52
"814","Elfin Cove",16,7.13
"815","Elfin Cove",17,5.18
"816","Elfin Cove",18,3.81
"817","Elfin Cove",19,2.52
"818","Elfin Cove",20,1.42
"819","Elfin Cove",21,0.65
"820","Elfin Cove",22,0
"821","Game Creek",1,146.44
"822","Game Creek",2,111.44
"823","Game Creek",3,91.12
"824","Game Creek",4,74.86
"825","Game Creek",5,58.98
"826","Game Creek",6,43.74
"827","Game Creek",7,32.36
"828","Game Creek",8,24.68
"829","Game Creek",9,20.72
"830","Game Creek",10,16.87
"831","Game Creek",11,13.26
"832","Game Creek",12,10.32
"833","Game Creek",13,7.61
"834","Game Creek",14,5.06
"835","Game Creek",15,3.09
"836","Game Creek",16,2.33
"837","Game Creek",17,1.73
"838","Game Creek",18,1.23
"839","Game Creek",19,0.84
"840","Game Creek",20,0.47
"841","Game Creek",21,0.18
"842","Game Creek",22,0.06
"843","Game Creek",23,0.02
"844","Game Creek",24,0.01
"845","Game Creek",25,0
"846","Gustavus",1,176.73
"847","Gustavus",2,114.1
"848","Gustavus",3,87.97
"849","Gustavus",4,67.38
"850","Gustavus",5,49.08
"851","Gustavus",6,35.62
"852","Gustavus",7,27.78
"853","Gustavus",8,23
"854","Gustavus",9,18.78
"855","Gustavus",10,15.74
"856","Gustavus",11,12.78
"857","Gustavus",12,10.65
"858","Gustavus",13,9.38
"859","Gustavus",14,8.2
"860","Gustavus",15,7.06
"861","Gustavus",16,6.08
"862","Gustavus",17,5.18
"863","Gustavus",18,4.34
"864","Gustavus",19,3.54
"865","Gustavus",20,2.85
"866","Gustavus",21,2.28
"867","Gustavus",22,1.79
"868","Gustavus",23,1.35
"869","Gustavus",24,0.96
"870","Gustavus",25,0.62
"871","Gustavus",26,0.35
"872","Gustavus",27,0.19
"873","Gustavus",28,0.07
"874","Gustavus",29,0
"875","Haines",1,119.245833333333
"876","Haines",2,101.215833333333
"877","Haines",3,87.3433333333333
"878","Haines",4,74.5358333333333
"879","Haines",5,65.2858333333333
"880","Haines",6,56.4558333333333
"881","Haines",7,48.1308333333333
"882","Haines",8,41.3233333333333
"883","Haines",9,34.6508333333333
"884","Haines",10,29.6808333333333
"885","Haines",11,26.6233333333334
"886","Haines",12,23.6583333333333
"887","Haines",13,21.0408333333333
"888","Haines",14,18.7741666666667
"889","Haines",15,16.5291666666667
"890","Haines",16,14.7541666666667
"891","Haines",17,13.2141666666667
"892","Haines",18,12.0941666666667
"893","Haines",19,11.0208333333333
"894","Haines",20,9.98083333333334
"895","Haines",21,8.99333333333333
"896","Haines",22,8.08083333333333
"897","Haines",23,7.21083333333333
"898","Haines",24,6.36083333333333
"899","Haines",25,5.54583333333333
"900","Haines",26,4.91333333333333
"901","Haines",27,4.30583333333333
"902","Haines",28,3.75916666666667
"903","Haines",29,3.35916666666667
"904","Haines",30,3.04583333333333
"905","Haines",31,2.74916666666667
"906","Haines",32,2.46166666666667
"907","Haines",33,2.21166666666667
"908","Haines",34,1.98166666666667
"909","Haines",35,1.77166666666667
"910","Haines",36,1.56166666666667
"911","Haines",37,1.36166666666667
"912","Haines",38,1.175
"913","Haines",39,1.035
"914","Haines",40,0.905
"915","Haines",41,0.7775
"916","Haines",42,0.6775
"917","Haines",43,0.5875
"918","Haines",44,0.515
"919","Haines",45,0.448333333333333
"920","Haines",46,0.383333333333333
"921","Haines",47,0.323333333333333
"922","Haines",48,0.273333333333333
"923","Haines",49,0.228333333333333
"924","Haines",50,0.185
"925","Haines",51,0.148333333333333
"926","Haines",52,0.113333333333333
"927","Haines",53,0.0833333333333333
"928","Haines",54,0.0533333333333333
"929","Haines",55,0.0333333333333333
"930","Haines",56,0.0233333333333333
"931","Haines",57,0.0133333333333333
"932","Haines",58,0.00333333333333333
"933","Haines",59,0
"934","Hollis",1,145.31
"935","Hollis",2,128.42
"936","Hollis",3,111.945
"937","Hollis",4,95.855
"938","Hollis",5,81.02
"939","Hollis",6,71.875
"940","Hollis",7,62.945
"941","Hollis",8,56.25
"942","Hollis",9,49.67
"943","Hollis",10,43.865
"944","Hollis",11,38.125
"945","Hollis",12,32.845
"946","Hollis",13,27.965
"947","Hollis",14,23.275
"948","Hollis",15,19.97
"949","Hollis",16,17.44
"950","Hollis",17,15.175
"951","Hollis",18,13.435
"952","Hollis",19,11.89
"953","Hollis",20,10.43
"954","Hollis",21,9.17
"955","Hollis",22,7.915
"956","Hollis",23,6.955
"957","Hollis",24,6.095
"958","Hollis",25,5.265
"959","Hollis",26,4.535
"960","Hollis",27,3.955
"961","Hollis",28,3.475
"962","Hollis",29,3.085
"963","Hollis",30,2.735
"964","Hollis",31,2.395
"965","Hollis",32,2.085
"966","Hollis",33,1.785
"967","Hollis",34,1.495
"968","Hollis",35,1.23
"969","Hollis",36,0.99
"970","Hollis",37,0.75
"971","Hollis",38,0.52
"972","Hollis",39,0.305
"973","Hollis",40,0.145
"974","Hollis",41,0.08
"975","Hollis",42,0.04
"976","Hollis",43,0
"977","Hoonah",1,265.0375
"978","Hoonah",2,228.5675
"979","Hoonah",3,201.09
"980","Hoonah",4,175.985
"981","Hoonah",5,155.3075
"982","Hoonah",6,136.68
"983","Hoonah",7,119.075
"984","Hoonah",8,102.5925
"985","Hoonah",9,87.39
"986","Hoonah",10,74.32
"987","Hoonah",11,65.3366666666667
"988","Hoonah",12,56.4241666666667
"989","Hoonah",13,49.6366666666667
"990","Hoonah",14,43.1841666666667
"991","Hoonah",15,37.7491666666667
"992","Hoonah",16,32.9966666666667
"993","Hoonah",17,28.6941666666667
"994","Hoonah",18,24.5591666666667
"995","Hoonah",19,21.0558333333333
"996","Hoonah",20,17.8683333333333
"997","Hoonah",21,15.2383333333333
"998","Hoonah",22,12.8033333333333
"999","Hoonah",23,11.32
"1000","Hoonah",24,9.905
"1001","Hoonah",25,8.5175
"1002","Hoonah",26,7.1775
"1003","Hoonah",27,5.935
"1004","Hoonah",28,5.12166666666667
"1005","Hoonah",29,4.37166666666667
"1006","Hoonah",30,3.76166666666667
"1007","Hoonah",31,3.27166666666667
"1008","Hoonah",32,2.84666666666667
"1009","Hoonah",33,2.42666666666667
"1010","Hoonah",34,2.00916666666667
"1011","Hoonah",35,1.70916666666667
"1012","Hoonah",36,1.43916666666667
"1013","Hoonah",37,1.19666666666667
"1014","Hoonah",38,0.963333333333333
"1015","Hoonah",39,0.786666666666667
"1016","Hoonah",40,0.621666666666667
"1017","Hoonah",41,0.475
"1018","Hoonah",42,0.345
"1019","Hoonah",43,0.245
"1020","Hoonah",44,0.155
"1021","Hoonah",45,0.085
"1022","Hoonah",46,0.0225
"1023","Hoonah",47,0.0125
"1024","Hoonah",48,0.0025
"1025","Hoonah",49,0
"1026","Hydaburg",1,322.721666666667
"1027","Hydaburg",2,272.635
"1028","Hydaburg",3,224.118333333333
"1029","Hydaburg",4,194.418333333333
"1030","Hydaburg",5,168.775
"1031","Hydaburg",6,143.385
"1032","Hydaburg",7,125.418333333333
"1033","Hydaburg",8,109.628333333333
"1034","Hydaburg",9,95.2516666666667
"1035","Hydaburg",10,82.0216666666667
"1036","Hydaburg",11,71.015
"1037","Hydaburg",12,60.6283333333333
"1038","Hydaburg",13,53.6516666666666
"1039","Hydaburg",14,46.8216666666666
"1040","Hydaburg",15,40.3916666666666
"1041","Hydaburg",16,35.4883333333333
"1042","Hydaburg",17,31.1983333333333
"1043","Hydaburg",18,26.9916666666667
"1044","Hydaburg",19,23.4566666666667
"1045","Hydaburg",20,19.9866666666667
"1046","Hydaburg",21,16.7033333333333
"1047","Hydaburg",22,13.7983333333333
"1048","Hydaburg",23,11.9783333333333
"1049","Hydaburg",24,10.175
"1050","Hydaburg",25,8.37833333333333
"1051","Hydaburg",26,6.60333333333333
"1052","Hydaburg",27,5.27333333333333
"1053","Hydaburg",28,4.35666666666667
"1054","Hydaburg",29,3.56666666666667
"1055","Hydaburg",30,2.98333333333333
"1056","Hydaburg",31,2.45666666666667
"1057","Hydaburg",32,1.99666666666667
"1058","Hydaburg",33,1.64666666666667
"1059","Hydaburg",34,1.39666666666667
"1060","Hydaburg",35,1.15166666666667
"1061","Hydaburg",36,0.921666666666667
"1062","Hydaburg",37,0.756666666666667
"1063","Hydaburg",38,0.596666666666667
"1064","Hydaburg",39,0.46
"1065","Hydaburg",40,0.335
"1066","Hydaburg",41,0.215
"1067","Hydaburg",42,0.115
"1068","Hydaburg",43,0.05
"1069","Hydaburg",44,0
"1070","Hyder",1,297.63
"1071","Hyder",2,252.65
"1072","Hyder",3,209.93
"1073","Hyder",4,169.16
"1074","Hyder",5,145.1
"1075","Hyder",6,122.53
"1076","Hyder",7,100.79
"1077","Hyder",8,88.46
"1078","Hyder",9,76.33
"1079","Hyder",10,65.67
"1080","Hyder",11,57.93
"1081","Hyder",12,50.28
"1082","Hyder",13,43.37
"1083","Hyder",14,36.86
"1084","Hyder",15,31.03
"1085","Hyder",16,25.77
"1086","Hyder",17,20.88
"1087","Hyder",18,17.27
"1088","Hyder",19,13.69
"1089","Hyder",20,10.63
"1090","Hyder",21,7.79
"1091","Hyder",22,5.79
"1092","Hyder",23,4.57
"1093","Hyder",24,3.49
"1094","Hyder",25,2.42
"1095","Hyder",26,1.62
"1096","Hyder",27,1.02
"1097","Hyder",28,0.57
"1098","Hyder",29,0.18
"1099","Hyder",30,0
"1100","Kake",1,150.771666666667
"1101","Kake",2,119.881666666667
"1102","Kake",3,100.255
"1103","Kake",4,82.535
"1104","Kake",5,70.645
"1105","Kake",6,61.025
"1106","Kake",7,51.8616666666667
"1107","Kake",8,43.6983333333333
"1108","Kake",9,36.355
"1109","Kake",10,29.2683333333333
"1110","Kake",11,24.8216666666667
"1111","Kake",12,20.525
"1112","Kake",13,17.1083333333333
"1113","Kake",14,14.745
"1114","Kake",15,13.255
"1115","Kake",16,11.955
"1116","Kake",17,10.715
"1117","Kake",18,9.8
"1118","Kake",19,8.88666666666666
"1119","Kake",20,8.04
"1120","Kake",21,7.2
"1121","Kake",22,6.37
"1122","Kake",23,5.60666666666666
"1123","Kake",24,4.84666666666667
"1124","Kake",25,4.12
"1125","Kake",26,3.42666666666667
"1126","Kake",27,2.73666666666667
"1127","Kake",28,2.17666666666667
"1128","Kake",29,1.65666666666667
"1129","Kake",30,1.15
"1130","Kake",31,0.826666666666667
"1131","Kake",32,0.526666666666667
"1132","Kake",33,0.366666666666667
"1133","Kake",34,0.266666666666667
"1134","Kake",35,0.176666666666667
"1135","Kake",36,0.13
"1136","Kake",37,0.09
"1137","Kake",38,0.06
"1138","Kake",39,0.04
"1139","Kake",40,0.02
"1140","Kake",41,0.01
"1141","Kake",42,0
"1142","Kasaan",1,233.195
"1143","Kasaan",2,179.075
"1144","Kasaan",3,132.08
"1145","Kasaan",4,108.865
"1146","Kasaan",5,89.35
"1147","Kasaan",6,75.945
"1148","Kasaan",7,66.715
"1149","Kasaan",8,57.51
"1150","Kasaan",9,49.045
"1151","Kasaan",10,41.3
"1152","Kasaan",11,34.05
"1153","Kasaan",12,29.145
"1154","Kasaan",13,24.405
"1155","Kasaan",14,20.925
"1156","Kasaan",15,17.45
"1157","Kasaan",16,14.655
"1158","Kasaan",17,12.45
"1159","Kasaan",18,10.605
"1160","Kasaan",19,8.895
"1161","Kasaan",20,7.215
"1162","Kasaan",21,5.545
"1163","Kasaan",22,3.905
"1164","Kasaan",23,3.195
"1165","Kasaan",24,2.57
"1166","Kasaan",25,2.07
"1167","Kasaan",26,1.67
"1168","Kasaan",27,1.29
"1169","Kasaan",28,0.935
"1170","Kasaan",29,0.6
"1171","Kasaan",30,0.28
"1172","Kasaan",31,0.03
"1173","Kasaan",32,0
"1174","Klawock",1,230.061666666667
"1175","Klawock",2,195.568333333333
"1176","Klawock",3,168.321666666667
"1177","Klawock",4,145.018333333333
"1178","Klawock",5,127.775
"1179","Klawock",6,114.848333333333
"1180","Klawock",7,104.825
"1181","Klawock",8,95.0916666666667
"1182","Klawock",9,86.1616666666666
"1183","Klawock",10,77.8516666666666
"1184","Klawock",11,69.7383333333333
"1185","Klawock",12,62.2516666666667
"1186","Klawock",13,55.225
"1187","Klawock",14,48.5816666666667
"1188","Klawock",15,43.5416666666667
"1189","Klawock",16,38.8283333333333
"1190","Klawock",17,34.2016666666667
"1191","Klawock",18,30.0316666666667
"1192","Klawock",19,27.4216666666667
"1193","Klawock",20,25.0016666666667
"1194","Klawock",21,22.6483333333333
"1195","Klawock",22,20.8616666666667
"1196","Klawock",23,19.0883333333333
"1197","Klawock",24,17.405
"1198","Klawock",25,15.7483333333333
"1199","Klawock",26,14.1016666666667
"1200","Klawock",27,12.4916666666667
"1201","Klawock",28,10.9516666666667
"1202","Klawock",29,9.60166666666666
"1203","Klawock",30,8.28166666666667
"1204","Klawock",31,7.06166666666667
"1205","Klawock",32,6.14166666666667
"1206","Klawock",33,5.325
"1207","Klawock",34,4.57
"1208","Klawock",35,3.84
"1209","Klawock",36,3.13666666666667
"1210","Klawock",37,2.74333333333333
"1211","Klawock",38,2.36833333333333
"1212","Klawock",39,2.00833333333333
"1213","Klawock",40,1.72833333333333
"1214","Klawock",41,1.46833333333333
"1215","Klawock",42,1.20833333333333
"1216","Klawock",43,1.00833333333333
"1217","Klawock",44,0.818333333333333
"1218","Klawock",45,0.648333333333333
"1219","Klawock",46,0.528333333333334
"1220","Klawock",47,0.425
"1221","Klawock",48,0.325
"1222","Klawock",49,0.245
"1223","Klawock",50,0.175
"1224","Klawock",51,0.125
"1225","Klawock",52,0.075
"1226","Klawock",53,0.045
"1227","Klawock",54,0.015
"1228","Klawock",55,0
"1229","Klukwan",1,237.315415793
"1230","Klukwan",2,139.556405793
"1231","Klukwan",3,111.701864143
"1232","Klukwan",4,84.129676643
"1233","Klukwan",5,71.184676643
"1234","Klukwan",6,59.44040576775
"1235","Klukwan",7,48.18315576775
"1236","Klukwan",8,39.44815576775
"1237","Klukwan",9,30.77898926775
"1238","Klukwan",10,24.08491319275
"1239","Klukwan",11,19.60866319275
"1240","Klukwan",12,15.48616319275
"1241","Klukwan",13,13.6678298594167
"1242","Klukwan",14,12.0940798594167
"1243","Klukwan",15,10.5428298594167
"1244","Klukwan",16,9.05725694691667
"1245","Klukwan",17,7.68225694691666
"1246","Klukwan",18,6.47309027191667
"1247","Klukwan",19,5.43927082608334
"1248","Klukwan",20,4.44315971608333
"1249","Klukwan",21,3.57815971608333
"1250","Klukwan",22,2.78468750275
"1251","Klukwan",23,2.06968750275
"1252","Klukwan",24,1.76343750275
"1253","Klukwan",25,1.47260416875
"1254","Klukwan",26,1.196041667
"1255","Klukwan",27,0.975416667
"1256","Klukwan",28,0.775416667
"1257","Klukwan",29,0.585416667
"1258","Klukwan",30,0.438750000333333
"1259","Klukwan",31,0.308750000333333
"1260","Klukwan",32,0.218750000333333
"1261","Klukwan",33,0.138750000333333
"1262","Klukwan",34,0.0987500003333333
"1263","Klukwan",35,0.0587500003333334
"1264","Klukwan",36,0.0337500003333333
"1265","Klukwan",37,0.010416667
"1266","Klukwan",38,0
"1267","Metlakatla",1,59.48
"1268","Metlakatla",2,51.48
"1269","Metlakatla",3,43.91
"1270","Metlakatla",4,37.68
"1271","Metlakatla",5,32.8
"1272","Metlakatla",6,29.71
"1273","Metlakatla",7,26.68
"1274","Metlakatla",8,23.67
"1275","Metlakatla",9,21.24
"1276","Metlakatla",10,19.01
"1277","Metlakatla",11,16.84
"1278","Metlakatla",12,14.98
"1279","Metlakatla",13,13.12
"1280","Metlakatla",14,11.28
"1281","Metlakatla",15,9.48
"1282","Metlakatla",16,7.69
"1283","Metlakatla",17,6.1
"1284","Metlakatla",18,4.74
"1285","Metlakatla",19,3.73
"1286","Metlakatla",20,2.89
"1287","Metlakatla",21,2.25
"1288","Metlakatla",22,1.65
"1289","Metlakatla",23,1.08
"1290","Metlakatla",24,0.77
"1291","Metlakatla",25,0.59
"1292","Metlakatla",26,0.44
"1293","Metlakatla",27,0.34
"1294","Metlakatla",28,0.26
"1295","Metlakatla",29,0.2
"1296","Metlakatla",30,0.15
"1297","Metlakatla",31,0.11
"1298","Metlakatla",32,0.07
"1299","Metlakatla",33,0.04
"1300","Metlakatla",34,0.02
"1301","Metlakatla",35,0.01
"1302","Metlakatla",36,0
"1303","Meyers Chuck",1,336.77
"1304","Meyers Chuck",2,285.27
"1305","Meyers Chuck",3,239.54
"1306","Meyers Chuck",4,198.14
"1307","Meyers Chuck",5,159.14
"1308","Meyers Chuck",6,132.47
"1309","Meyers Chuck",7,109.8
"1310","Meyers Chuck",8,88.47
"1311","Meyers Chuck",9,68.14
"1312","Meyers Chuck",10,54.77
"1313","Meyers Chuck",11,43.94
"1314","Meyers Chuck",12,34.41
"1315","Meyers Chuck",13,28.98
"1316","Meyers Chuck",14,24.31
"1317","Meyers Chuck",15,20.58
"1318","Meyers Chuck",16,17.08
"1319","Meyers Chuck",17,13.68
"1320","Meyers Chuck",18,10.35
"1321","Meyers Chuck",19,7.68
"1322","Meyers Chuck",20,5.18
"1323","Meyers Chuck",21,3.91
"1324","Meyers Chuck",22,2.84
"1325","Meyers Chuck",23,1.77
"1326","Meyers Chuck",24,0.74
"1327","Meyers Chuck",25,0.44
"1328","Meyers Chuck",26,0.17
"1329","Meyers Chuck",27,0
"1330","Naukati Bay",1,196.16
"1331","Naukati Bay",2,164.23
"1332","Naukati Bay",3,137.24
"1333","Naukati Bay",4,113.63
"1334","Naukati Bay",5,92.87
"1335","Naukati Bay",6,77.51
"1336","Naukati Bay",7,65.08
"1337","Naukati Bay",8,56.92
"1338","Naukati Bay",9,49.02
"1339","Naukati Bay",10,42.82
"1340","Naukati Bay",11,36.95
"1341","Naukati Bay",12,31.72
"1342","Naukati Bay",13,26.87
"1343","Naukati Bay",14,22.75
"1344","Naukati Bay",15,19
"1345","Naukati Bay",16,15.86
"1346","Naukati Bay",17,12.94
"1347","Naukati Bay",18,10.88
"1348","Naukati Bay",19,9.06
"1349","Naukati Bay",20,7.58
"1350","Naukati Bay",21,6.29
"1351","Naukati Bay",22,5.18
"1352","Naukati Bay",23,4.1
"1353","Naukati Bay",24,3.31
"1354","Naukati Bay",25,2.62
"1355","Naukati Bay",26,2.08
"1356","Naukati Bay",27,1.63
"1357","Naukati Bay",28,1.26
"1358","Naukati Bay",29,0.91
"1359","Naukati Bay",30,0.64
"1360","Naukati Bay",31,0.5
"1361","Naukati Bay",32,0.37
"1362","Naukati Bay",33,0.27
"1363","Naukati Bay",34,0.19
"1364","Naukati Bay",35,0.12
"1365","Naukati Bay",36,0.08
"1366","Naukati Bay",37,0.05
"1367","Naukati Bay",38,0.02
"1368","Naukati Bay",39,0
"1369","Pelican",1,249.65
"1370","Pelican",2,192.84
"1371","Pelican",3,159.29
"1372","Pelican",4,133.06
"1373","Pelican",5,111.78
"1374","Pelican",6,92.52
"1375","Pelican",7,79.62
"1376","Pelican",8,70.92
"1377","Pelican",9,62.77
"1378","Pelican",10,55.22
"1379","Pelican",11,47.71
"1380","Pelican",12,40.91
"1381","Pelican",13,35.45
"1382","Pelican",14,30.55
"1383","Pelican",15,25.73
"1384","Pelican",16,21.11
"1385","Pelican",17,16.77
"1386","Pelican",18,14.09
"1387","Pelican",19,12.19
"1388","Pelican",20,10.41
"1389","Pelican",21,8.91
"1390","Pelican",22,7.44
"1391","Pelican",23,6.05
"1392","Pelican",24,5.02
"1393","Pelican",25,4.17
"1394","Pelican",26,3.49
"1395","Pelican",27,2.83
"1396","Pelican",28,2.21
"1397","Pelican",29,1.62
"1398","Pelican",30,1.13
"1399","Pelican",31,0.67
"1400","Pelican",32,0.34
"1401","Pelican",33,0.19
"1402","Pelican",34,0.09
"1403","Pelican",35,0.04
"1404","Pelican",36,0
"1405","Petersburg",1,153.487797622
"1406","Petersburg",2,124.662332622
"1407","Petersburg",3,99.217972622
"1408","Petersburg",4,86.732851622
"1409","Petersburg",5,74.857619122
"1410","Petersburg",6,64.113018822
"1411","Petersburg",7,56.575228172
"1412","Petersburg",8,50.841216672
"1413","Petersburg",9,45.787844672
"1414","Petersburg",10,41.2881644495
"1415","Petersburg",11,37.0857807495
"1416","Petersburg",12,33.141115032
"1417","Petersburg",13,29.339411032
"1418","Petersburg",14,26.263764032
"1419","Petersburg",15,23.512485582
"1420","Petersburg",16,21.257253017
"1421","Petersburg",17,19.067747167
"1422","Petersburg",18,16.94199135275
"1423","Petersburg",19,15.02058873875
"1424","Petersburg",20,13.33686778875
"1425","Petersburg",21,11.76710028875
"1426","Petersburg",22,10.26535608875
"1427","Petersburg",23,9.06535608875
"1428","Petersburg",24,8.11326306875
"1429","Petersburg",25,7.19512353275
"1430","Petersburg",26,6.29396073275
"1431","Petersburg",27,5.3934374771
"1432","Petersburg",28,4.5329723771
"1433","Petersburg",29,3.7669840271
"1434","Petersburg",30,3.0111700671
"1435","Petersburg",31,2.3658212171
"1436","Petersburg",32,1.9748110471
"1437","Petersburg",33,1.6205087171
"1438","Petersburg",34,1.3355087171
"1439","Petersburg",35,1.07213662375
"1440","Petersburg",36,0.85213662375
"1441","Petersburg",37,0.64213662375
"1442","Petersburg",38,0.47181685525
"1443","Petersburg",39,0.32356104525
"1444","Petersburg",40,0.23635174525
"1445","Petersburg",41,0.169156978
"1446","Petersburg",42,0.109156978
"1447","Petersburg",43,0.049156978
"1448","Petersburg",44,0.006540698
"1449","Petersburg",45,0.0021802327
"1450","Petersburg",46,0
"1451","Point Baker",1,260.945
"1452","Point Baker",2,219.56
"1453","Point Baker",3,186.565
"1454","Point Baker",4,160.45
"1455","Point Baker",5,136.22
"1456","Point Baker",6,119.105
"1457","Point Baker",7,104.925
"1458","Point Baker",8,91.43
"1459","Point Baker",9,80.545
"1460","Point Baker",10,70.17
"1461","Point Baker",11,60.71
"1462","Point Baker",12,51.945
"1463","Point Baker",13,44.215
"1464","Point Baker",14,36.655
"1465","Point Baker",15,30.13
"1466","Point Baker",16,23.83
"1467","Point Baker",17,19.285
"1468","Point Baker",18,16.3
"1469","Point Baker",19,14.28
"1470","Point Baker",20,12.62
"1471","Point Baker",21,11.175
"1472","Point Baker",22,9.805
"1473","Point Baker",23,8.465
"1474","Point Baker",24,7.19
"1475","Point Baker",25,6.02
"1476","Point Baker",26,4.895
"1477","Point Baker",27,3.785
"1478","Point Baker",28,2.69
"1479","Point Baker",29,1.975
"1480","Point Baker",30,1.275
"1481","Point Baker",31,0.895
"1482","Point Baker",32,0.635
"1483","Point Baker",33,0.435
"1484","Point Baker",34,0.27
"1485","Point Baker",35,0.12
"1486","Point Baker",36,0.08
"1487","Point Baker",37,0.05
"1488","Point Baker",38,0.02
"1489","Point Baker",39,0
"1490","Port Alexander",1,203.92
"1491","Port Alexander",2,160.76
"1492","Port Alexander",3,129.7
"1493","Port Alexander",4,105.82
"1494","Port Alexander",5,83.81
"1495","Port Alexander",6,67.87
"1496","Port Alexander",7,57.95
"1497","Port Alexander",8,49.27
"1498","Port Alexander",9,41.35
"1499","Port Alexander",10,34.21
"1500","Port Alexander",11,27.85
"1501","Port Alexander",12,24.08
"1502","Port Alexander",13,20.5
"1503","Port Alexander",14,17.47
"1504","Port Alexander",15,14.61
"1505","Port Alexander",16,11.98
"1506","Port Alexander",17,10
"1507","Port Alexander",18,8.38
"1508","Port Alexander",19,6.84
"1509","Port Alexander",20,5.84
"1510","Port Alexander",21,5.16
"1511","Port Alexander",22,4.49
"1512","Port Alexander",23,3.84
"1513","Port Alexander",24,3.24
"1514","Port Alexander",25,2.71
"1515","Port Alexander",26,2.18
"1516","Port Alexander",27,1.65
"1517","Port Alexander",28,1.27
"1518","Port Alexander",29,0.95
"1519","Port Alexander",30,0.64
"1520","Port Alexander",31,0.41
"1521","Port Alexander",32,0.18
"1522","Port Alexander",33,0
"1523","Port Protection",1,328.14
"1524","Port Protection",2,292.85
"1525","Port Protection",3,258.47
"1526","Port Protection",4,227.49
"1527","Port Protection",5,197.625
"1528","Port Protection",6,170.825
"1529","Port Protection",7,147.76
"1530","Port Protection",8,125.395
"1531","Port Protection",9,109.32
"1532","Port Protection",10,97.76
"1533","Port Protection",11,88.05
"1534","Port Protection",12,80.11
"1535","Port Protection",13,72.82
"1536","Port Protection",14,66.19
"1537","Port Protection",15,59.76
"1538","Port Protection",16,54.17
"1539","Port Protection",17,48.64
"1540","Port Protection",18,43.14
"1541","Port Protection",19,37.705
"1542","Port Protection",20,33.4
"1543","Port Protection",21,29.53
"1544","Port Protection",22,26.12
"1545","Port Protection",23,22.8
"1546","Port Protection",24,19.625
"1547","Port Protection",25,16.845
"1548","Port Protection",26,14.195
"1549","Port Protection",27,12.125
"1550","Port Protection",28,10.345
"1551","Port Protection",29,8.975
"1552","Port Protection",30,7.775
"1553","Port Protection",31,6.785
"1554","Port Protection",32,5.805
"1555","Port Protection",33,4.855
"1556","Port Protection",34,3.925
"1557","Port Protection",35,3.075
"1558","Port Protection",36,2.31
"1559","Port Protection",37,1.665
"1560","Port Protection",38,1.29
"1561","Port Protection",39,0.95
"1562","Port Protection",40,0.66
"1563","Port Protection",41,0.44
"1564","Port Protection",42,0.27
"1565","Port Protection",43,0.19
"1566","Port Protection",44,0.13
"1567","Port Protection",45,0.08
"1568","Port Protection",46,0.05
"1569","Port Protection",47,0.02
"1570","Port Protection",48,0
"1571","Saxman",1,128.8264397515
"1572","Saxman",2,106.7369162515
"1573","Saxman",3,86.0329482515
"1574","Saxman",4,74.0468912515
"1575","Saxman",5,65.8658248705
"1576","Saxman",6,57.8560726205
"1577","Saxman",7,50.6588501205
"1578","Saxman",8,43.91672209815
"1579","Saxman",9,39.59696025815
"1580","Saxman",10,35.49741125815
"1581","Saxman",11,31.55891920815
"1582","Saxman",12,27.92965270815
"1583","Saxman",13,24.61608135815
"1584","Saxman",14,21.82361102815
"1585","Saxman",15,19.12087302815
"1586","Saxman",16,16.64061505765
"1587","Saxman",17,14.26855160765
"1588","Saxman",18,12.26105161715
"1589","Saxman",19,10.31105161715
"1590","Saxman",20,8.49700396715
"1591","Saxman",21,6.99700396715
"1592","Saxman",22,5.98057541715
"1593","Saxman",23,5.08771828715
"1594","Saxman",24,4.33771828715
"1595","Saxman",25,3.58771828715
"1596","Saxman",26,2.88930558715
"1597","Saxman",27,2.33224208715
"1598","Saxman",28,1.77867065215
"1599","Saxman",29,1.34414683215
"1600","Saxman",30,1.09914683215
"1601","Saxman",31,0.86898810215
"1602","Saxman",32,0.64898810215
"1603","Saxman",33,0.47898810215
"1604","Saxman",34,0.3200396888
"1605","Saxman",35,0.2179960363
"1606","Saxman",36,0.1465674623
"1607","Saxman",37,0.0765674623
"1608","Saxman",38,0.0408531743
"1609","Saxman",39,0.0187103173
"1610","Saxman",40,0.0114087303
"1611","Saxman",41,0.0054563493
"1612","Saxman",42,0.0014880953
"1613","Saxman",43,0
"1614","Sitka",1,143.242030003523
"1615","Sitka",2,116.695743336856
"1616","Sitka",3,97.4634190035231
"1617","Sitka",4,83.9843613368565
"1618","Sitka",5,74.9799346701898
"1619","Sitka",6,66.1788607136898
"1620","Sitka",7,59.7596706361732
"1621","Sitka",8,54.6013359695065
"1622","Sitka",9,49.7119813778398
"1623","Sitka",10,45.5951128897398
"1624","Sitka",11,42.0576629564065
"1625","Sitka",12,38.5290238230732
"1626","Sitka",13,35.0071516230732
"1627","Sitka",14,31.7004351230732
"1628","Sitka",15,28.4734353897398
"1629","Sitka",16,25.3306635230732
"1630","Sitka",17,22.2152228230732
"1631","Sitka",18,19.3296073134065
"1632","Sitka",19,16.5917026467398
"1633","Sitka",20,14.1194051967398
"1634","Sitka",21,12.0817178634065
"1635","Sitka",22,10.1683845300732
"1636","Sitka",23,8.90760430207317
"1637","Sitka",24,7.7066487578065
"1638","Sitka",25,6.7466487578065
"1639","Sitka",26,5.8170723778065
"1640","Sitka",27,5.0894509008065
"1641","Sitka",28,4.52281211413983
"1642","Sitka",29,4.00339195413983
"1643","Sitka",30,3.52894173627317
"1644","Sitka",31,3.11560840293983
"1645","Sitka",32,2.70258440293983
"1646","Sitka",33,2.30764718293983
"1647","Sitka",34,1.96875361113983
"1648","Sitka",35,1.6467752278065
"1649","Sitka",36,1.3252650678065
"1650","Sitka",37,1.1702650678065
"1651","Sitka",38,1.01693173447317
"1652","Sitka",39,0.871040236473167
"1653","Sitka",40,0.731040236473167
"1654","Sitka",41,0.627117197473167
"1655","Sitka",42,0.523665423739833
"1656","Sitka",43,0.423212393739833
"1657","Sitka",44,0.3497533053565
"1658","Sitka",45,0.2795206403565
"1659","Sitka",46,0.2177453003565
"1660","Sitka",47,0.1577453003565
"1661","Sitka",48,0.1249158118565
"1662","Sitka",49,0.0992646118565
"1663","Sitka",50,0.0740956162565
"1664","Sitka",51,0.0490956162565
"1665","Sitka",52,0.0290956162565
"1666","Sitka",53,0.0190956162565
"1667","Sitka",54,0.0122118827565
"1668","Sitka",55,0.0060468502565
"1669","Sitka",56,0.0007733935565
"1670","Sitka",57,1.88632565e-05
"1671","Sitka",58,0
"1672","Skagway",1,41.12
"1673","Skagway",2,34.74
"1674","Skagway",3,29.49
"1675","Skagway",4,24.57
"1676","Skagway",5,20.85
"1677","Skagway",6,17.25
"1678","Skagway",7,13.71
"1679","Skagway",8,10.44
"1680","Skagway",9,8.35
"1681","Skagway",10,6.47
"1682","Skagway",11,5.05
"1683","Skagway",12,4.24
"1684","Skagway",13,3.51
"1685","Skagway",14,2.78
"1686","Skagway",15,2.06
"1687","Skagway",16,1.53
"1688","Skagway",17,1.21
"1689","Skagway",18,1
"1690","Skagway",19,0.8
"1691","Skagway",20,0.6
"1692","Skagway",21,0.42
"1693","Skagway",22,0.3
"1694","Skagway",23,0.2
"1695","Skagway",24,0.12
"1696","Skagway",25,0.07
"1697","Skagway",26,0.03
"1698","Skagway",27,0.01
"1699","Skagway",28,0
"1700","Tenakee Springs",1,205.215
"1701","Tenakee Springs",2,168.28
"1702","Tenakee Springs",3,144.745
"1703","Tenakee Springs",4,123.795
"1704","Tenakee Springs",5,103.575
"1705","Tenakee Springs",6,84.38
"1706","Tenakee Springs",7,71.47
"1707","Tenakee Springs",8,62.415
"1708","Tenakee Springs",9,53.915
"1709","Tenakee Springs",10,46.62
"1710","Tenakee Springs",11,39.6
"1711","Tenakee Springs",12,32.67
"1712","Tenakee Springs",13,26.98
"1713","Tenakee Springs",14,21.545
"1714","Tenakee Springs",15,17.36
"1715","Tenakee Springs",16,13.52
"1716","Tenakee Springs",17,10.62
"1717","Tenakee Springs",18,8.58
"1718","Tenakee Springs",19,6.845
"1719","Tenakee Springs",20,5.165
"1720","Tenakee Springs",21,3.705
"1721","Tenakee Springs",22,2.73
"1722","Tenakee Springs",23,2.08
"1723","Tenakee Springs",24,1.56
"1724","Tenakee Springs",25,1.04
"1725","Tenakee Springs",26,0.72
"1726","Tenakee Springs",27,0.41
"1727","Tenakee Springs",28,0.25
"1728","Tenakee Springs",29,0.13
"1729","Tenakee Springs",30,0.02
"1730","Tenakee Springs",31,0
"1731","Thorne Bay",1,153.95
"1732","Thorne Bay",2,124.02
"1733","Thorne Bay",3,97.995
"1734","Thorne Bay",4,82.92
"1735","Thorne Bay",5,71.31
"1736","Thorne Bay",6,62.225
"1737","Thorne Bay",7,54.56
"1738","Thorne Bay",8,47.84
"1739","Thorne Bay",9,41.59
"1740","Thorne Bay",10,36.005
"1741","Thorne Bay",11,30.43
"1742","Thorne Bay",12,26.035
"1743","Thorne Bay",13,22.295
"1744","Thorne Bay",14,18.745
"1745","Thorne Bay",15,15.26
"1746","Thorne Bay",16,13.03
"1747","Thorne Bay",17,11.44
"1748","Thorne Bay",18,9.99
"1749","Thorne Bay",19,8.665
"1750","Thorne Bay",20,7.525
"1751","Thorne Bay",21,6.525
"1752","Thorne Bay",22,5.82
"1753","Thorne Bay",23,5.18
"1754","Thorne Bay",24,4.575
"1755","Thorne Bay",25,3.975
"1756","Thorne Bay",26,3.385
"1757","Thorne Bay",27,2.815
"1758","Thorne Bay",28,2.28
"1759","Thorne Bay",29,1.875
"1760","Thorne Bay",30,1.555
"1761","Thorne Bay",31,1.29
"1762","Thorne Bay",32,1.11
"1763","Thorne Bay",33,0.955
"1764","Thorne Bay",34,0.805
"1765","Thorne Bay",35,0.66
"1766","Thorne Bay",36,0.525
"1767","Thorne Bay",37,0.4
"1768","Thorne Bay",38,0.33
"1769","Thorne Bay",39,0.26
"1770","Thorne Bay",40,0.21
"1771","Thorne Bay",41,0.165
"1772","Thorne Bay",42,0.125
"1773","Thorne Bay",43,0.095
"1774","Thorne Bay",44,0.075
"1775","Thorne Bay",45,0.055
"1776","Thorne Bay",46,0.035
"1777","Thorne Bay",47,0.02
"1778","Thorne Bay",48,0.01
"1779","Thorne Bay",49,0
"1780","Whale Pass",1,161.385
"1781","Whale Pass",2,126.678333333333
"1782","Whale Pass",3,102.958333333333
"1783","Whale Pass",4,89.3016666666667
"1784","Whale Pass",5,77.325
"1785","Whale Pass",6,65.7616666666667
"1786","Whale Pass",7,55.575
"1787","Whale Pass",8,48.475
"1788","Whale Pass",9,42.875
"1789","Whale Pass",10,37.6183333333333
"1790","Whale Pass",11,33.5933333333333
"1791","Whale Pass",12,29.6133333333333
"1792","Whale Pass",13,25.6933333333333
"1793","Whale Pass",14,22.0233333333333
"1794","Whale Pass",15,18.5083333333333
"1795","Whale Pass",16,15.4433333333333
"1796","Whale Pass",17,12.65
"1797","Whale Pass",18,10.9
"1798","Whale Pass",19,9.21
"1799","Whale Pass",20,7.56
"1800","Whale Pass",21,6.52
"1801","Whale Pass",22,5.49
"1802","Whale Pass",23,4.54333333333333
"1803","Whale Pass",24,3.78666666666667
"1804","Whale Pass",25,3.14
"1805","Whale Pass",26,2.55333333333333
"1806","Whale Pass",27,2.08333333333333
"1807","Whale Pass",28,1.62333333333333
"1808","Whale Pass",29,1.26333333333333
"1809","Whale Pass",30,0.988333333333334
"1810","Whale Pass",31,0.718333333333333
"1811","Whale Pass",32,0.558333333333333
"1812","Whale Pass",33,0.425
"1813","Whale Pass",34,0.305
"1814","Whale Pass",35,0.2
"1815","Whale Pass",36,0.1
"1816","Whale Pass",37,0
"1817","Whitestone",1,119.5
"1818","Whitestone",2,62.63
"1819","Whitestone",3,47.42
"1820","Whitestone",4,39.14
"1821","Whitestone",5,31.27
"1822","Whitestone",6,26.37
"1823","Whitestone",7,21.61
"1824","Whitestone",8,17.79
"1825","Whitestone",9,14.74
"1826","Whitestone",10,12.42
"1827","Whitestone",11,10.61
"1828","Whitestone",12,8.98
"1829","Whitestone",13,7.47
"1830","Whitestone",14,6.11
"1831","Whitestone",15,4.8
"1832","Whitestone",16,3.73
"1833","Whitestone",17,3.09
"1834","Whitestone",18,2.53
"1835","Whitestone",19,2.04
"1836","Whitestone",20,1.63
"1837","Whitestone",21,1.3
"1838","Whitestone",22,1.05
"1839","Whitestone",23,0.82
"1840","Whitestone",24,0.59
"1841","Whitestone",25,0.4
"1842","Whitestone",26,0.23
"1843","Whitestone",27,0.13
"1844","Whitestone",28,0.05
"1845","Whitestone",29,0
"1846","Wrangell",1,143.5558264645
"1847","Wrangell",2,121.1597764645
"1848","Wrangell",3,102.3834374645
"1849","Wrangell",4,84.1489239645
"1850","Wrangell",5,72.0530094645
"1851","Wrangell",6,62.8887489645
"1852","Wrangell",7,56.6889045645
"1853","Wrangell",8,50.992357866
"1854","Wrangell",9,45.64963418255
"1855","Wrangell",10,40.66245517255
"1856","Wrangell",11,36.12806597255
"1857","Wrangell",12,32.40008932255
"1858","Wrangell",13,29.09591222255
"1859","Wrangell",14,25.83091222255
"1860","Wrangell",15,22.79589282255
"1861","Wrangell",16,20.50574692255
"1862","Wrangell",17,18.38323712255
"1863","Wrangell",18,16.31022152255
"1864","Wrangell",19,14.43277017255
"1865","Wrangell",20,13.04366512255
"1866","Wrangell",21,11.67366512255
"1867","Wrangell",22,10.63366512255
"1868","Wrangell",23,9.62199202255
"1869","Wrangell",24,8.64144727255
"1870","Wrangell",25,7.82144727255
"1871","Wrangell",26,7.09917100755
"1872","Wrangell",27,6.40742005205
"1873","Wrangell",28,5.71957958705
"1874","Wrangell",29,5.06893833705
"1875","Wrangell",30,4.45609783705
"1876","Wrangell",31,3.84910503705
"1877","Wrangell",32,3.33785990555
"1878","Wrangell",33,2.9421400619
"1879","Wrangell",34,2.5521400619
"1880","Wrangell",35,2.2171400619
"1881","Wrangell",36,1.9347859769
"1882","Wrangell",37,1.6545136059
"1883","Wrangell",38,1.3834046594
"1884","Wrangell",39,1.1171789864
"1885","Wrangell",40,0.8571789864
"1886","Wrangell",41,0.6470622564
"1887","Wrangell",42,0.4428793764
"1888","Wrangell",43,0.3028793764
"1889","Wrangell",44,0.1828793764
"1890","Wrangell",45,0.1175097264
"1891","Wrangell",46,0.0521400764
"1892","Wrangell",47,0.0093385214
"1893","Wrangell",48,0.0035019456
"1894","Wrangell",49,0
"1895","Yakutat",1,305.904923981767
"1896","Yakutat",2,256.121435481767
"1897","Yakutat",3,214.602871731767
"1898","Yakutat",4,179.418810231767
"1899","Yakutat",5,147.687936981767
"1900","Yakutat",6,117.107826981767
"1901","Yakutat",7,103.256490545267
"1902","Yakutat",8,89.7076351702667
"1903","Yakutat",9,78.7712797702667
"1904","Yakutat",10,69.0561543007667
"1905","Yakutat",11,60.2483507502667
"1906","Yakutat",12,53.6737725002667
"1907","Yakutat",13,50.3794997502667
"1908","Yakutat",14,47.1306745752667
"1909","Yakutat",15,44.0171962645167
"1910","Yakutat",16,41.0021494311833
"1911","Yakutat",17,38.3821494311833
"1912","Yakutat",18,35.7625109311833
"1913","Yakutat",19,33.5134848311833
"1914","Yakutat",20,31.2997764161833
"1915","Yakutat",21,29.15644308285
"1916","Yakutat",22,27.07501738035
"1917","Yakutat",23,25.0429993526
"1918","Yakutat",24,23.0262430276
"1919","Yakutat",25,21.0639806489333
"1920","Yakutat",26,19.1264304739333
"1921","Yakutat",27,17.2062999739333
"1922","Yakutat",28,15.4451487239333
"1923","Yakutat",29,13.8151487239333
"1924","Yakutat",30,12.3526186316833
"1925","Yakutat",31,10.9181105996833
"1926","Yakutat",32,9.85853228918333
"1927","Yakutat",33,8.80573086353333
"1928","Yakutat",34,7.75930516103333
"1929","Yakutat",35,6.88354107878333
"1930","Yakutat",36,6.08104107878333
"1931","Yakutat",37,5.36757389878333
"1932","Yakutat",38,4.76999693211667
"1933","Yakutat",39,4.27796213211667
"1934","Yakutat",40,3.83796213211667
"1935","Yakutat",41,3.42587378211667
"1936","Yakutat",42,3.04797553545
"1937","Yakutat",43,2.67120177545
"1938","Yakutat",44,2.3578182427
"1939","Yakutat",45,2.07401637603333
"1940","Yakutat",46,1.83721817603333
"1941","Yakutat",47,1.6038848427
"1942","Yakutat",48,1.3838848427
"1943","Yakutat",49,1.20721817603333
"1944","Yakutat",50,1.06090291853333
"1945","Yakutat",51,0.925902918533334
"1946","Yakutat",52,0.795902918533333
"1947","Yakutat",53,0.665902918533333
"1948","Yakutat",54,0.559236251866667
"1949","Yakutat",55,0.469236251866667
"1950","Yakutat",56,0.389236251866667
"1951","Yakutat",57,0.319236251866667
"1952","Yakutat",58,0.260538430533333
"1953","Yakutat",59,0.210538430533333
"1954","Yakutat",60,0.160538430533333
"1955","Yakutat",61,0.120538430533333
"1956","Yakutat",62,0.0905384305333333
"1957","Yakutat",63,0.0625063025333333
"1958","Yakutat",64,0.0415424475333333
"1959","Yakutat",65,0.0262412427333333
"1960","Yakutat",66,0.0155317384
"1961","Yakutat",67,0.0055317384
"1962","Yakutat",68,0.0004016064
"1963","Yakutat",69,0
"1964","Chenega",0,351.241393343732
"1965","Cooper Landing",0,91.47
"1966","Cordova",0,170.668378553846
"1967","Hope",0,110.76
"1968","Moose Pass",0,86.8
"1969","Nanwalek",0,270.357710693869
"1970","Port Graham",0,256.609239008328
"1971","Port San Juan (Evans Island)",0,250.24
"1972","Seward",0,96.9
"1973","Tatitlek",0,339.956178073963
"1974","Valdez",0,91.1466666666667
"1975","Whittier",0,80.07
"1976","Angoon",0,218.84
"1977","Beecher Pass",0,476.97
"1978","Coffman Cove",0,240.98
"1979","Craig",0,214.73
"1980","Edna Bay",0,448.83
"1981","Elfin Cove",0,262.52
"1982","Game Creek",0,187.22
"1983","Gustavus",0,240.83
"1984","Haines",0,141.068333333333
"1985","Hollis",0,179.785
"1986","Hoonah",0,331.9625
"1987","Hydaburg",0,423.265
"1988","Hyder",0,345.28
"1989","Kake",0,189.061666666667
"1990","Kasaan",0,321.15
"1991","Klawock",0,272.415
"1992","Klukwan",0,370.024728293
"1993","Metlakatla",0,70.13
"1994","Meyers Chuck",0,413.84
"1995","Naukati Bay",0,241.57
"1996","Pelican",0,355.12
"1997","Petersburg",0,184.109237622
"1998","Point Baker",0,328.515
"1999","Port Alexander",0,311.75
"2000","Port Protection",0,395.355
"2001","Saxman",0,159.4921597515
"2002","Sitka",0,179.015062003523
"2003","Skagway",0,48.1
"2004","Tenakee Springs",0,305.455
"2005","Thorne Bay",0,188.42
"2006","Whale Pass",0,219.228333333333
"2007","Whitestone",0,178.42
"2008","Wrangell",0,167.9342509645
"2009","Yakutat",0,361.097871481767
